Time;HFI602
2016-01-01 08:20:00;373.7243243243243
2016-01-01 16:40:00;373.90142180094614
2016-01-02 01:00:00;373.5875634517749
2016-01-02 09:20:00;374.6696000000001
2016-01-02 17:40:00;373.3311004784689
2016-01-03 02:00:00;371.80447761193915
2016-01-03 10:20:00;371.280345572354
2016-01-03 18:40:00;349.4642126789367
2016-01-04 03:00:00;348.0473140495871
2016-01-04 11:20:00;348.89773662551414
2016-01-04 19:40:00;350.07368421052644
2016-01-05 04:00:00;362.9547474747473
2016-01-05 12:20:00;368.0905263157888
2016-01-05 20:40:00;363.94247967479674
2016-01-06 05:00:00;358.70284552845504
2016-01-06 13:20:00;356.36209016393485
2016-01-06 21:40:00;359.19551934826933
2016-01-07 06:00:00;362.52581300813006
2016-01-07 14:20:00;364.8915151515151
2016-01-07 22:40:00;363.967761806982
2016-01-08 07:00:00;366.1743271221532
2016-01-08 15:20:00;370.2073275862059
2016-01-08 23:40:00;367.5591836734686
2016-01-09 08:00:00;371.1788079470201
2016-01-09 16:20:00;375.6317073170733
2016-01-10 00:40:00;376.1122448979591
2016-01-10 09:00:00;375.7605263157898
2016-01-10 17:20:00;376.10166666666726
2016-01-11 01:40:00;365.2945558739256
2016-01-11 10:00:00;353.4655172413793
2016-01-11 18:20:00;339.52135523613987
2016-01-12 02:40:00;327.4846938775509
2016-01-12 11:00:00;322.8437759336097
2016-01-12 19:20:00;313.9060975609753
2016-01-13 03:40:00;309.2893877551021
2016-01-13 12:00:00;319.49668737059994
2016-01-13 20:20:00;307.7674273858922
2016-01-14 04:40:00;304.0147843942503
2016-01-14 13:00:00;299.1748936170213
2016-01-14 21:20:00;298.0495901639346
2016-01-15 05:40:00;293.2587628865977
2016-01-15 14:00:00;283.83416149068313
2016-01-15 22:20:00;281.78270833333323
2016-01-16 06:40:00;286.2466942148762
2016-01-16 15:00:00;281.9929166666664
2016-01-16 23:20:00;281.6279411764708
2016-01-17 07:40:00;282.03786610878694
2016-01-17 16:00:00;280.1679833679834
2016-01-18 00:20:00;283.08432989690704
2016-01-18 08:40:00;283.7663223140498
2016-01-18 17:00:00;283.48991596638683
2016-01-19 01:20:00;284.66291666666655
2016-01-19 09:40:00;282.267708333333
2016-01-19 18:00:00;281.22578616352206
2016-01-20 02:20:00;282.6087682672232
2016-01-20 10:40:00;289.73037190082624
2016-01-20 19:00:00;295.928305785124
2016-01-21 03:20:00;292.7431250000001
2016-01-21 11:40:00;279.0368869936033
2016-01-21 20:00:00;292.99979209979233
2016-01-22 04:20:00;274.90062370062356
2016-01-22 12:40:00;296.41896907216477
2016-01-22 21:00:00;298.03496932515344
2016-01-23 05:20:00;298.27577002053397
2016-01-23 13:40:00;307.8941908713693
2016-01-23 22:00:00;320.2754601226991
2016-01-24 06:20:00;322.4519269776878
2016-01-24 14:40:00;322.6659229208923
2016-01-24 23:00:00;306.0075975359343
2016-01-25 07:20:00;311.57145790554426
2016-01-25 15:40:00;329.87292929292954
2016-01-26 00:00:00;332.3091093117405
2016-01-26 08:20:00;328.72692307692296
2016-01-26 16:40:00;329.7201219512193
2016-01-27 01:00:00;330.3940816326534
2016-01-27 09:20:00;291.5533195020748
2016-01-27 17:40:00;286.9373716632447
2016-01-28 02:00:00;289.11455301455317
2016-01-28 10:20:00;294.2811475409838
2016-01-28 18:40:00;319.49089068825947
2016-01-29 03:00:00;321.8336048879835
2016-01-29 11:20:00;240.25256124721608
2016-01-29 19:40:00;118.00707692307698
2016-01-30 04:00:00;339.2817248459957
2016-01-30 12:20:00;331.09550102249517
2016-01-30 20:40:00;328.7542094455855
2016-01-31 05:00:00;339.22555780933084
2016-01-31 13:20:00;337.85354969574047
2016-01-31 21:40:00;330.16934156378596
2016-02-01 06:00:00;335.55376782077366
2016-02-01 14:20:00;302.50143737166337
2016-02-01 22:40:00;278.09835728952777
2016-02-02 07:00:00;277.46494845360814
2016-02-02 15:20:00;280.89048625792816
2016-02-02 23:40:00;281.1161825726139
2016-02-03 08:00:00;289.6366108786612
2016-02-03 16:20:00;287.54916317991626
2016-02-04 00:40:00;253.07606837606863
2016-02-04 09:00:00;295.9490759753595
2016-02-04 17:20:00;318.84680412371114
2016-02-05 01:40:00;321.7352459016396
2016-02-05 10:00:00;327.7400410677619
2016-02-05 18:20:00;316.943827160494
2016-02-06 02:40:00;319.18780991735514
2016-02-06 11:00:00;327.3708333333334
2016-02-06 19:20:00;323.89008264462797
2016-02-07 03:40:00;318.08703703703696
2016-02-07 12:00:00;302.80164271047227
2016-02-07 20:20:00;276.705749486653
2016-02-08 04:40:00;274.58666666666676
2016-02-08 13:00:00;291.857322175732
2016-02-08 21:20:00;276.13991596638675
2016-02-09 05:40:00;274.3887931034483
2016-02-09 14:00:00;285.9097251585624
2016-02-09 22:20:00;287.82878151260496
2016-02-10 06:40:00;287.33052631578937
2016-02-10 15:00:00;267.3173277661796
2016-02-10 23:20:00;225.6853360488799
2016-02-11 07:40:00;231.563070539419
2016-02-11 16:00:00;273.5629098360656
2016-02-12 00:20:00;275.79039665970765
2016-02-12 08:40:00;275.7020964360588
2016-02-12 17:00:00;273.7242171189979
2016-02-13 01:20:00;274.6290456431535
2016-02-13 09:40:00;270.9928721174003
2016-02-13 18:00:00;295.66583143507984
2016-02-14 02:20:00;376.0915000000001
2016-02-14 10:40:00;375.4931506849315
2016-02-14 19:00:00;325.59731543624184
2016-02-15 03:20:00;302.5776859504133
2016-02-15 11:40:00;300.95557894736845
2016-02-15 20:00:00;337.15051546391754
2016-02-16 04:20:00;326.69752066115706
2016-02-16 12:40:00;317.33786008230453
2016-02-16 21:00:00;315.41059063136487
2016-02-17 05:20:00;315.05071868583155
2016-02-17 13:40:00;289.3245833333333
2016-02-17 22:00:00;291.3952991452992
2016-02-18 06:20:00;320.6952577319587
2016-02-18 14:40:00;334.85937500000006
2016-02-18 23:00:00;352.01802575107297
2016-02-19 07:20:00;361.2810869565215
2016-02-19 15:40:00;368.0942796610168
2016-02-20 00:00:00;364.9507337526204
2016-02-20 08:20:00;373.9335937499998
2016-02-20 16:40:00;372.6061784897018
2016-02-21 01:00:00;373.8810741687969
2016-02-21 09:20:00;370.2137466307276
2016-02-21 17:40:00;359.5452282157676
2016-02-22 02:00:00;354.7981557377048
2016-02-22 10:20:00;359.12693877551015
2016-02-22 18:40:00;364.7429447852761
2016-02-23 03:00:00;370.4622844827589
2016-02-23 11:20:00;366.3509316770189
2016-02-23 19:40:00;367.3262820512821
2016-02-24 04:00:00;374.6984210526315
2016-02-24 12:20:00;372.9501960784312
2016-02-24 20:40:00;366.5205821205808
2016-02-25 05:00:00;364.83760162601584
2016-02-25 13:20:00;371.31431670281836
2016-02-25 21:40:00;373.28844444444275
2016-02-26 06:00:00;368.9762105263153
2016-02-26 14:20:00;361.5137014314933
2016-02-26 22:40:00;363.7419421487599
2016-02-27 07:00:00;363.6831643002025
2016-02-27 15:20:00;362.74297520661133
2016-02-27 23:40:00;367.5243362831846
2016-02-28 08:00:00;370.7928251121062
2016-02-28 16:20:00;361.45867768595053
2016-02-29 00:40:00;361.11366459627305
2016-02-29 09:00:00;369.7623188405783
2016-02-29 17:20:00;367.97370600414064
2016-03-01 01:40:00;369.6221991701244
2016-03-01 10:00:00;367.56804123711316
2016-03-01 18:20:00;368.97366255144044
2016-03-02 02:40:00;370.7658995815896
2016-03-02 11:00:00;363.8046218487395
2016-03-02 19:20:00;354.7126530612242
2016-03-03 03:40:00;349.2570264765788
2016-03-03 12:00:00;341.13983572895273
2016-03-03 20:20:00;331.5682474226801
2016-03-04 04:40:00;354.1868154158214
2016-03-04 13:00:00;372.3899328859061
2016-03-04 21:20:00;369.1623456790117
2016-03-05 05:40:00;372.9604534005038
2016-03-05 14:00:00;373.57061855669974
2016-03-05 22:20:00;371.6191111111094
2016-03-06 06:40:00;372.4082125603847
2016-03-06 15:00:00;374.2748447204957
2016-03-06 23:20:00;375.7906735751297
2016-03-07 07:40:00;376.22407407407405
2016-03-07 16:00:00;376.90645161290314
2016-03-08 00:20:00;375.61441441441485
2016-03-08 08:40:00;372.85346938775507
2016-03-08 17:00:00;374.1003333333321
2016-03-09 01:20:00;370.5668997668987
2016-03-09 09:40:00;315.0616306954437
2016-03-09 18:00:00;216.8607883817429
2016-03-10 02:20:00;212.901875
2016-03-10 10:40:00;301.20151133501184
2016-03-10 19:00:00;370.11413612565445
2016-03-11 03:20:00;371.13853658536584
2016-03-11 11:40:00;370.6958944281524
2016-03-11 20:00:00;373.37080536912777
2016-03-12 04:20:00;373.5354581673308
2016-03-12 12:40:00;373.591129032258
2016-03-12 21:00:00;373.8174193548387
2016-03-13 05:20:00;374.02247706422014
2016-03-13 13:40:00;373.2961937716263
2016-03-13 22:00:00;373.0739393939399
2016-03-14 06:20:00;375.2050505050506
2016-03-14 14:40:00;375.51358024691353
2016-03-14 23:00:00;373.41780821917786
2016-03-15 07:20:00;373.6509677419357
2016-03-15 15:40:00;371.1317567567561
2016-03-16 00:00:00;365.142825112107
2016-03-16 08:20:00;365.5352941176467
2016-03-16 16:40:00;361.05155279503066
2016-03-17 01:00:00;353.98565656565614
2016-03-17 09:20:00;350.89653767820784
2016-03-17 17:40:00;340.43651115618655
2016-03-18 02:00:00;348.77515274949064
2016-03-18 10:20:00;355.9285123966944
2016-03-18 18:40:00;357.9560574948659
2016-03-19 03:00:00;361.96465517241387
2016-03-19 11:20:00;368.6095115681234
2016-03-19 19:40:00;373.0647342995171
2016-03-20 04:00:00;374.9366666666667
2016-03-20 12:20:00;376.06527777777785
2016-03-20 20:40:00;375.6105882352942
2016-03-21 05:00:00;375.937037037037
2016-03-21 13:20:00;374.06040609137045
2016-03-21 21:40:00;373.71714285714313
2016-03-22 06:00:00;373.21589147286835
2016-03-22 14:20:00;347.65974025973924
2016-03-22 22:40:00;372.175792507203
2016-03-23 07:00:00;364.3223918575066
2016-03-23 15:20:00;229.4651685393256
2016-03-23 23:40:00;369.5412462908
2016-03-24 08:00:00;371.48013698630143
2016-03-24 16:20:00;365.02892156862737
2016-03-25 00:40:00;359.9691780821908
2016-03-25 09:00:00;353.3784067085952
2016-03-25 17:20:00;345.68466257668706
2016-03-26 01:40:00;345.8660569105691
2016-03-26 10:00:00;338.739344262295
2016-03-26 18:20:00;337.3244943820224
2016-03-27 02:40:00;346.01196581196564
2016-03-27 11:00:00;353.2649006622515
2016-03-27 19:20:00;357.1002232142849
2016-03-28 03:40:00;361.96512195121863
2016-03-28 12:00:00;369.80169491525413
2016-03-28 20:20:00;370.6790633608803
2016-03-29 04:40:00;372.8755274261599
2016-03-29 13:00:00;374.17428571428565
2016-03-29 21:20:00;372.78421052631495
2016-03-30 05:40:00;369.2269911504428
2016-03-30 14:00:00;318.6870731707317
2016-03-30 22:20:00;186.63934426229505
2016-03-31 06:40:00;200.84836065573757
2016-03-31 15:00:00;201.92823779193205
2016-03-31 23:20:00;327.772105263158
2016-04-01 07:40:00;376.84838709677416
2016-04-01 16:00:00;374.6587301587294
2016-04-02 00:20:00;371.22558922558784
2016-04-02 08:40:00;374.8104712041889
2016-04-02 17:00:00;374.4416666666669
2016-04-03 01:20:00;373.806572769953
2016-04-03 09:40:00;354.62735042735056
2016-04-03 18:00:00;374.08743961352667
2016-04-04 02:20:00;373.0279329608938
2016-04-04 10:40:00;366.5959798994978
2016-04-04 19:00:00;359.56486486486517
2016-04-05 03:20:00;374.2723404255318
2016-04-05 11:40:00;374.4760456273765
2016-04-05 20:00:00;374.45494505494503
2016-04-06 04:20:00;375.62519685039365
2016-04-06 12:40:00;376.7779661016949
2016-04-06 21:00:00;377.85714285714283
2016-04-07 05:20:00;377.4555555555555
2016-04-07 13:40:00;376.87999999999994
2016-04-07 22:00:00;374.10079365079366
2016-04-08 06:20:00;373.84508196721305
2016-04-08 14:40:00;370.6229885057471
2016-04-08 23:00:00;376.14042553191535
2016-04-09 07:20:00;375.0187499999999
2016-04-09 15:40:00;372.6747572815536
2016-04-10 00:00:00;378.4
2016-04-10 08:20:00;378.5
2016-04-10 16:40:00;378.475
2016-04-11 01:00:00;378.4
2016-04-11 09:20:00;377.43125000000003
2016-04-11 17:40:00;378.5
2016-04-12 02:00:00;378.5
2016-04-12 10:20:00;378.5
2016-04-12 18:40:00;378.5
2016-04-13 03:00:00;376.39661016949157
2016-04-13 11:20:00;376.2166666666667
2016-04-13 19:40:00;378.45000000000005
2016-04-14 04:00:00;106.875
2016-04-14 12:20:00;6.109090909090909
2016-04-14 20:40:00;326.8832512315273
2016-04-15 05:00:00;375.20774647887384
2016-04-15 13:20:00;378.4
2016-04-15 21:40:00;378.4
2016-04-16 06:00:00;378.4
2016-04-16 14:20:00;375.9369230769233
2016-04-16 22:40:00;229.15376884422096
2016-04-17 07:00:00;224.37139917695453
2016-04-17 15:20:00;234.149275362319
2016-04-17 23:40:00;231.26584362139923
2016-04-18 08:00:00;235.17360824742258
2016-04-18 16:20:00;209.42201492537293
2016-04-19 00:40:00;0.875
2016-04-19 09:00:00;207.80120967741928
2016-04-19 17:20:00;205.44968944099375
2016-04-20 01:40:00;202.85911602209936
2016-04-20 10:00:00;3.0571428571428574
2016-04-20 18:20:00;183.899711815562
2016-04-21 02:40:00;186.86069246435844
2016-04-21 11:00:00;192.86659959758563
2016-04-21 19:20:00;274.63904761904763
2016-04-22 03:40:00;377.4
2016-04-22 12:00:00;378.5
2016-04-22 20:20:00;378.4
2016-04-23 04:40:00;378.42499999999995
2016-04-23 13:00:00;184.58699690402494
2016-04-23 21:20:00;216.02522255192878
2016-04-24 05:40:00;249.00909090909076
2016-04-24 14:00:00;304.6312195121943
2016-04-24 22:20:00;372.27035398229907
2016-04-25 06:40:00;372.51752808988743
2016-04-25 15:00:00;371.3977178423229
2016-04-25 23:20:00;369.9689938398342
2016-04-26 07:40:00;370.6563674321507
2016-04-26 16:00:00;369.9218220338982
2016-04-27 00:20:00;366.9286016949143
2016-04-27 08:40:00;365.563847780127
2016-04-27 17:00:00;363.0834024896265
2016-04-28 01:20:00;370.25224999999983
2016-04-28 09:40:00;368.99503722084387
2016-04-28 18:00:00;367.20335570469786
2016-04-29 02:20:00;367.13615702479376
2016-04-29 10:40:00;246.37085953878403
2016-04-29 19:00:00;237.8635051546392
2016-04-30 03:20:00;243.92540983606543
2016-04-30 11:40:00;248.77186858316222
2016-04-30 20:00:00;243.31069958847758
2016-05-01 04:20:00;243.67540983606534
2016-05-01 12:40:00;244.00479166666665
2016-05-01 21:00:00;231.00324543610552
2016-05-02 05:20:00;231.53770491803286
2016-05-02 13:40:00;239.35828220858892
2016-05-02 22:00:00;238.8395445134576
2016-05-03 06:20:00;243.30386965376806
2016-05-03 14:40:00;224.32644628099183
2016-05-03 23:00:00;192.1691511387163
2016-05-04 07:20:00;181.95622222222212
2016-05-04 15:40:00;0.015384615384615384
2016-05-05 00:00:00;0.0
2016-05-05 08:20:00;0.06666666666666667
2016-05-05 16:40:00;0.03571428571428571
2016-05-06 01:00:00;0.0
2016-05-06 09:20:00;0.05833333333333334
2016-05-06 17:40:00;0.0
2016-05-07 02:00:00;0.0
2016-05-07 10:20:00;0.0
2016-05-07 18:40:00;0.0
2016-05-08 03:00:00;0.0
2016-05-08 11:20:00;0.004580152671755725
2016-05-08 19:40:00;0.0
2016-05-09 04:00:00;0.0
2016-05-09 12:20:00;0.0007874015748031497
2016-05-09 20:40:00;0.0
2016-05-10 05:00:00;0.0021126760563380284
2016-05-10 13:20:00;0.009708737864077669
2016-05-10 21:40:00;0.0
2016-05-11 06:00:00;0.016666666666666666
2016-05-11 14:20:00;0.2
2016-05-11 22:40:00;0.0
2016-05-12 07:00:00;170.89670329670335
2016-05-12 15:20:00;183.49036885245897
2016-05-12 23:40:00;179.17443762781193
2016-05-13 08:00:00;179.95050916496947
2016-05-13 16:20:00;182.38299180327868
2016-05-14 00:40:00;186.85910020449887
2016-05-14 09:00:00;193.29508196721306
2016-05-14 17:20:00;193.92238193018486
2016-05-15 01:40:00;193.40995850622414
2016-05-15 10:00:00;191.3706004140786
2016-05-15 18:20:00;191.00724637681165
2016-05-16 02:40:00;190.6410788381744
2016-05-16 11:00:00;206.1410677618069
2016-05-16 19:20:00;206.2952965235176
2016-05-17 03:40:00;207.83006263048006
2016-05-17 12:00:00;234.49385245901638
2016-05-17 20:20:00;273.2944162436543
2016-05-18 04:40:00;227.99215686274493
2016-05-18 13:00:00;348.8845425867508
2016-05-18 21:20:00;333.957200811359
2016-05-19 05:40:00;268.39635535307497
2016-05-19 14:00:00;199.44417177914107
2016-05-19 22:20:00;226.16605316973406
2016-05-20 06:40:00;298.7736559139779
2016-05-20 15:00:00;370.9503092783514
2016-05-20 23:20:00;374.10277078085824
2016-05-21 07:40:00;374.1062639821036
2016-05-21 16:00:00;374.0986486486488
2016-05-22 00:20:00;370.64371002132197
2016-05-22 08:40:00;368.4213552361396
2016-05-22 17:00:00;368.002286902287
2016-05-23 01:20:00;364.3707566462168
2016-05-23 09:40:00;359.66114519427396
2016-05-23 18:00:00;345.2533057851239
2016-05-24 02:20:00;348.32246963562756
2016-05-24 10:40:00;353.6468172484601
2016-05-24 19:00:00;356.51754032258066
2016-05-25 03:20:00;347.23750000000007
2016-05-25 11:40:00;349.35879917184275
2016-05-25 20:00:00;324.02285714285716
2016-05-26 04:20:00;212.99083333333334
2016-05-26 12:40:00;218.0594262295083
2016-05-26 21:00:00;211.2930327868853
2016-05-27 05:20:00;208.0370833333337
2016-05-27 13:40:00;212.64868154158222
2016-05-27 22:00:00;223.6249999999998
2016-05-28 06:20:00;228.1908523908524
2016-05-28 14:40:00;227.23478260869558
2016-05-28 23:00:00;225.12417355371917
2016-05-29 07:20:00;229.98140495867762
2016-05-29 15:40:00;228.8973251028807
2016-05-30 00:00:00;221.49999999999986
2016-05-30 08:20:00;229.01525773195866
2016-05-30 16:40:00;227.8828865979381
2016-05-31 01:00:00;225.98541666666674
2016-05-31 09:20:00;247.61470588235304
2016-05-31 17:40:00;247.06722338204582
2016-06-01 02:00:00;251.45292887029248
2016-06-01 10:20:00;258.204821802935
2016-06-01 18:40:00;252.36618257261398
2016-06-02 03:00:00;252.33176229508197
2016-06-02 11:20:00;262.75443298969077
2016-06-02 19:40:00;253.44824742268037
2016-06-03 04:00:00;248.92624999999992
2016-06-03 12:20:00;262.889775051125
2016-06-03 20:40:00;252.1129896907217
2016-06-04 05:00:00;255.3792960662525
2016-06-04 13:20:00;259.5746913580247
2016-06-04 21:40:00;256.8974683544303
2016-06-05 06:00:00;265.34634655532346
2016-06-05 14:20:00;271.09535864978903
2016-06-05 22:40:00;260.1734989648034
2016-06-06 07:00:00;268.6370370370371
2016-06-06 15:20:00;263.7422037422038
2016-06-06 23:40:00;266.0727848101267
2016-06-07 08:00:00;272.08343815513615
2016-06-07 16:20:00;264.5433609958506
2016-06-08 00:40:00;348.0697580645169
2016-06-08 09:00:00;357.2074898785427
2016-06-08 17:20:00;339.58194726166346
2016-06-09 01:40:00;309.05265306122465
2016-06-09 10:00:00;328.03551020408145
2016-06-09 18:20:00;328.65060975609794
2016-06-10 02:40:00;335.8725609756098
2016-06-10 11:00:00;332.97838383838405
2016-06-10 19:20:00;325.6734279918863
2016-06-11 03:40:00;329.8628282828284
2016-06-11 12:00:00;320.6744939271253
2016-06-11 20:20:00;321.5649694501018
2016-06-12 04:40:00;321.91547861507115
2016-06-12 13:00:00;311.04202020202035
2016-06-12 21:20:00;313.35361445783116
2016-06-13 05:40:00;319.85769230769193
2016-06-13 14:00:00;317.33991935483857
2016-06-13 22:20:00;315.7181262729127
2016-06-14 06:40:00;283.1282474226803
2016-06-14 15:00:00;244.1840425531913
2016-06-14 23:20:00;248.42799145299134
2016-06-15 07:40:00;294.79624999999993
2016-06-15 16:00:00;312.87870182555776
2016-06-16 00:20:00;274.97799999999984
2016-06-16 08:40:00;300.65772357723597
2016-06-16 17:00:00;294.6472505091651
2016-06-17 01:20:00;294.66158536585385
2016-06-17 09:40:00;296.2816532258067
2016-06-17 18:00:00;289.34239350912765
2016-06-18 02:20:00;308.20510204081614
2016-06-18 10:40:00;326.9712830957233
2016-06-18 19:00:00;327.1227180527382
2016-06-19 03:20:00;331.76835699797175
2016-06-19 11:40:00;332.8395112016291
2016-06-19 20:00:00;331.14528688524604
2016-06-20 04:20:00;341.9532653061225
2016-06-20 12:40:00;335.0542619542619
2016-06-20 21:00:00;335.1301886792452
2016-06-21 05:20:00;338.6751565762009
2016-06-21 13:40:00;339.47106918239
2016-06-21 22:00:00;342.15214723926385
2016-06-22 06:20:00;339.6167676767674
2016-06-22 14:40:00;331.45571725571676
2016-06-22 23:00:00;345.2993877551021
2016-06-23 07:20:00;340.7934156378599
2016-06-23 15:40:00;342.17190082644635
2016-06-24 00:00:00;347.5654661016948
2016-06-24 08:20:00;344.62644628099184
2016-06-24 16:40:00;337.55645161290295
2016-06-25 01:00:00;340.01963562753065
2016-06-25 09:20:00;334.18991935483854
2016-06-25 17:40:00;334.39999999999975
2016-06-26 02:00:00;335.9239837398374
2016-06-26 10:20:00;331.6540485829957
2016-06-26 18:40:00;332.7299595141698
2016-06-27 03:00:00;331.9086597938142
2016-06-27 11:20:00;327.8817813765184
2016-06-27 19:40:00;339.784253578732
2016-06-28 04:00:00;344.97210743801645
2016-06-28 12:20:00;343.51880165289276
2016-06-28 20:40:00;344.84045174538
2016-06-29 05:00:00;339.4437499999997
2016-06-29 13:20:00;326.59979466119097
2016-06-29 21:40:00;323.881012658228
2016-06-30 06:00:00;319.95843621399194
2016-06-30 14:20:00;345.77409766454366
2016-06-30 22:40:00;345.3871848739496
2016-07-01 07:00:00;339.08732394366206
2016-07-01 15:20:00;339.15557851239663
2016-07-01 23:40:00;332.25788381742706
2016-07-02 08:00:00;329.93312500000013
2016-07-02 16:20:00;329.03780991735516
2016-07-03 00:40:00;327.0966804979253
2016-07-03 09:00:00;327.6720739219712
2016-07-03 17:20:00;318.5204968944099
2016-07-04 01:40:00;339.67903225806407
2016-07-04 10:00:00;333.86120996441275
2016-07-04 18:20:00;341.143923240938
2016-07-05 02:40:00;341.4183127572021
2016-07-05 11:00:00;337.21333333333325
2016-07-05 19:20:00;340.90979166666676
2016-07-06 03:40:00;343.31784232365163
2016-07-06 12:00:00;337.3341719077572
2016-07-06 20:20:00;338.47157676348525
2016-07-07 04:40:00;339.2565031982943
2016-07-07 13:00:00;196.28632478632477
2016-07-07 21:20:00;320.82582644628116
2016-07-08 05:40:00;329.5157258064516
2016-07-08 14:00:00;327.20750507099376
2016-07-08 22:20:00;313.87142857142857
2016-07-09 06:40:00;306.94746450304257
2016-07-09 15:00:00;310.1827935222677
2016-07-09 23:20:00;312.85434343434383
2016-07-10 07:40:00;326.0612244897957
2016-07-10 16:00:00;329.93178137651824
2016-07-11 00:20:00;327.29127789046635
2016-07-11 08:40:00;326.90224948875266
2016-07-11 17:00:00;338.9900406504067
2016-07-12 01:20:00;326.9751028806583
2016-07-12 09:40:00;331.85866935483847
2016-07-12 18:00:00;318.72186234817786
2016-07-13 02:20:00;314.09146341463423
2016-07-13 10:40:00;315.9774193548382
2016-07-13 19:00:00;314.78080808080784
2016-07-14 03:20:00;325.6077235772356
2016-07-14 11:40:00;321.13151515151515
2016-07-14 20:00:00;328.4152400835073
2016-07-15 04:20:00;336.47245762711873
2016-07-15 12:40:00;328.2491803278685
2016-07-15 21:00:00;339.2810204081631
2016-07-16 05:20:00;339.80823045267465
2016-07-16 13:40:00;328.4977687626777
2016-07-16 22:00:00;315.9534412955463
2016-07-17 06:20:00;310.0977642276424
2016-07-17 14:40:00;294.46877551020384
2016-07-17 23:00:00;275.9078947368422
2016-07-18 07:20:00;261.5826883910386
2016-07-18 15:40:00;317.79428571428576
2016-07-19 00:00:00;327.96447638603706
2016-07-19 08:20:00;325.5920731707315
2016-07-19 16:40:00;333.0785714285715
2016-07-20 01:00:00;339.0380566801617
2016-07-20 09:20:00;315.70161616161647
2016-07-20 17:40:00;237.89728033472812
2016-07-21 02:00:00;266.50767634854793
2016-07-21 10:20:00;260.7618750000001
2016-07-21 18:40:00;310.2699999999998
2016-07-22 03:00:00;338.8830985915491
2016-07-22 11:20:00;337.7209349593498
2016-07-22 19:40:00;329.2014256619144
2016-07-23 04:00:00;329.90590631364614
2016-07-23 12:20:00;328.1987780040734
2016-07-23 20:40:00;334.9989795918368
2016-07-24 05:00:00;345.934362139918
2016-07-24 13:20:00;340.1012219959268
2016-07-24 21:40:00;324.98559670781907
2016-07-25 06:00:00;322.2245322245324
2016-07-25 14:20:00;318.91781376518225
2016-07-25 22:40:00;301.26987704918025
2016-07-26 07:00:00;300.6437881873729
2016-07-26 15:20:00;292.8195519348272
2016-07-26 23:40:00;303.1911157024794
2016-07-27 08:00:00;298.2761133603238
2016-07-27 16:20:00;299.39118852459035
2016-07-28 00:40:00;303.21727642276426
2016-07-28 09:00:00;310.0985801217034
2016-07-28 17:20:00;324.5109533468559
2016-07-29 01:40:00;327.865918367347
2016-07-29 10:00:00;315.70766129032245
2016-07-29 18:20:00;324.92167689161556
2016-07-30 02:40:00;331.2865580448067
2016-07-30 11:00:00;326.42760736196317
2016-07-30 19:20:00;329.7496919917864
2016-07-31 03:40:00;247.1835866261398
2016-07-31 12:00:00;263.42488986784167
2016-07-31 20:20:00;324.24587737843547
2016-08-01 04:40:00;336.0283333333331
2016-08-01 13:00:00;324.2225941422594
2016-08-01 21:20:00;320.6294605809127
2016-08-02 05:40:00;323.23513513513564
2016-08-02 14:00:00;332.0711934156377
2016-08-02 22:20:00;339.4181069958851
2016-08-03 06:40:00;343.04368530020685
2016-08-03 15:00:00;341.8983606557378
2016-08-03 23:20:00;337.844117647059
2016-08-04 07:40:00;337.16540084388197
2016-08-04 16:00:00;338.4581740976646
2016-08-05 00:20:00;328.7133056133055
2016-08-05 08:40:00;337.4293995859213
2016-08-05 17:00:00;338.184426229508
2016-08-06 01:20:00;327.73086419753076
2016-08-06 09:40:00;329.1665979381446
2016-08-06 18:00:00;320.3963039014377
2016-08-07 02:20:00;302.5902439024393
2016-08-07 10:40:00;303.7981744421909
2016-08-07 19:00:00;307.95367346938787
2016-08-08 03:20:00;323.3467479674795
2016-08-08 11:40:00;333.43190184049087
2016-08-08 20:00:00;333.9278118609407
2016-08-09 04:20:00;336.5614754098361
2016-08-09 12:40:00;333.30286298568507
2016-08-09 21:00:00;327.24395161290323
2016-08-10 05:20:00;334.23020408163273
2016-08-10 13:40:00;338.61714285714265
2016-08-10 22:00:00;340.9909836065574
2016-08-11 06:20:00;344.56942148760334
2016-08-11 14:40:00;350.0073170731708
2016-08-11 23:00:00;340.7640081799597
2016-08-12 07:20:00;316.45805785123963
2016-08-12 15:40:00;294.28202020202025
2016-08-13 00:00:00;304.41070707070725
2016-08-13 08:20:00;301.8558704453442
2016-08-13 16:40:00;300.04523326572007
2016-08-14 01:00:00;305.45763747454174
2016-08-14 09:20:00;331.09757085020226
2016-08-14 17:40:00;344.0829268292685
2016-08-15 02:00:00;339.86446280991737
2016-08-15 10:20:00;344.69227642276417
2016-08-15 18:40:00;324.9067761806982
2016-08-16 03:00:00;324.8254132231408
2016-08-16 11:20:00;335.5403726708073
2016-08-16 19:40:00;340.53429752066097
2016-08-17 04:00:00;339.74088050314475
2016-08-17 12:20:00;339.6704641350212
2016-08-17 20:40:00;338.5654166666666
2016-08-18 05:00:00;350.08158995815904
2016-08-18 13:20:00;343.0734736842102
2016-08-18 21:40:00;334.8198704103669
2016-08-19 06:00:00;338.8178053830227
2016-08-19 14:20:00;331.35010309278346
2016-08-19 22:40:00;340.43515789473736
2016-08-20 07:00:00;337.3757383966246
2016-08-20 15:20:00;340.27473903966603
2016-08-20 23:40:00;335.7605543710024
2016-08-21 08:00:00;321.69461206896574
2016-08-21 16:20:00;322.8973509933773
2016-08-22 00:40:00;322.24402654867254
2016-08-22 09:00:00;326.54956896551727
2016-08-22 17:20:00;323.8323404255319
2016-08-23 01:40:00;319.88891213389144
2016-08-23 10:00:00;332.91737288135613
2016-08-23 18:20:00;324.81719077568147
2016-08-24 02:40:00;323.65824634655553
2016-08-24 11:00:00;318.3750515463919
2016-08-24 19:20:00;323.7108333333335
2016-08-25 03:40:00;330.94337606837627
2016-08-25 12:00:00;324.1478813559322
2016-08-25 20:20:00;329.2616842105265
2016-08-26 04:40:00;336.3830866807611
2016-08-26 13:00:00;354.50733752620545
2016-08-26 21:20:00;340.10259740259744
2016-08-27 05:40:00;332.358280922432
2016-08-27 14:00:00;339.8084233261338
2016-08-27 22:20:00;332.902985074627
2016-08-28 06:40:00;334.46491596638657
2016-08-28 15:00:00;322.61781115879813
2016-08-28 23:20:00;312.7094069529654
2016-08-29 07:40:00;307.4532653061224
2016-08-29 16:00:00;302.74469387755113
2016-08-30 00:20:00;299.171218487395
2016-08-30 08:40:00;306.93374485596706
2016-08-30 17:00:00;299.6291322314048
2016-08-31 01:20:00;296.7400826446281
2016-08-31 09:40:00;307.02901234567906
2016-08-31 18:00:00;284.7973195876288
2016-09-01 02:20:00;274.22936344969213
2016-09-01 10:40:00;278.1429460580914
2016-09-01 19:00:00;279.98423236514526
2016-09-02 03:20:00;284.9354297693918
2016-09-02 11:40:00;286.83424369747934
2016-09-02 20:00:00;282.12277432712233
2016-09-03 04:20:00;285.06796714579065
2016-09-03 12:40:00;287.50909090909056
2016-09-03 21:00:00;282.4973251028805
2016-09-04 05:20:00;292.91816326530596
2016-09-04 13:40:00;309.52233606557354
2016-09-04 22:00:00;305.5042596348884
2016-09-05 06:20:00;310.23278688524596
2016-09-05 14:40:00;307.85318275154003
2016-09-05 23:00:00;302.02096436058713
2016-09-06 07:20:00;313.83382045929005
2016-09-06 15:40:00;321.35241090146747
2016-09-07 00:00:00;323.84800000000047
2016-09-07 08:20:00;334.45291576673844
2016-09-07 16:40:00;329.83520833333324
2016-09-08 01:00:00;321.65631691648815
2016-09-08 09:20:00;317.2308016877636
2016-09-08 17:40:00;325.45291666666657
2016-09-09 02:00:00;346.6719587628868
2016-09-09 10:20:00;336.88396624472557
2016-09-09 18:40:00;334.1629937629934
2016-09-10 03:00:00;337.98707627118625
2016-09-10 11:20:00;332.90020964360565
2016-09-10 19:40:00;339.59050632911396
2016-09-11 04:00:00;345.2223849372384
2016-09-11 12:20:00;330.99281183932345
2016-09-11 20:40:00;319.5576923076922
2016-09-12 05:00:00;323.1344017094017
2016-09-12 13:20:00;315.73044397462996
2016-09-12 21:40:00;308.1518987341772
2016-09-13 06:00:00;304.49853249475876
2016-09-13 14:20:00;302.3233193277307
2016-09-13 22:40:00;314.6891440501044
2016-09-14 07:00:00;301.420625
2016-09-14 15:20:00;302.16631799163156
2016-09-14 23:40:00;305.20604166666624
2016-09-15 08:00:00;312.5317796610171
2016-09-15 16:20:00;313.01827731092436
2016-09-16 00:40:00;308.55041841004197
2016-09-16 09:00:00;308.7080679405521
2016-09-16 17:20:00;298.9329218106997
2016-09-17 01:40:00;296.7999999999998
2016-09-17 10:00:00;297.0076763485479
2016-09-17 18:20:00;300.03506224066393
2016-09-18 02:40:00;304.93630705394185
2016-09-18 11:00:00;307.2484599589324
2016-09-18 19:20:00;304.0426501035196
2016-09-19 03:40:00;312.7983505154638
2016-09-19 12:00:00;328.1325773195877
2016-09-19 20:20:00;325.43094262295074
2016-09-20 04:40:00;319.25145228215746
2016-09-20 13:00:00;321.4147368421055
2016-09-20 21:20:00;306.3823779193206
2016-09-21 05:40:00;302.2364948453607
2016-09-21 14:00:00;296.13340292275586
2016-09-21 22:20:00;298.6091858037575
2016-09-22 06:40:00;298.4995833333335
2016-09-22 15:00:00;296.76948453608304
2016-09-22 23:20:00;305.3031446540879
2016-09-23 07:40:00;328.6166666666667
2016-09-23 16:00:00;345.15546391752576
2016-09-24 00:20:00;336.3581632653061
2016-09-24 08:40:00;336.8460122699388
2016-09-24 17:00:00;334.73528225806433
2016-09-25 01:20:00;337.67959183673463
2016-09-25 09:40:00;321.3541922290389
2016-09-25 18:00:00;332.26730769230755
2016-09-26 02:20:00;337.30690376569055
2016-09-26 10:40:00;323.57655601659707
2016-09-26 19:00:00;289.67635983263597
2016-09-27 03:20:00;297.3595435684648
2016-09-27 11:40:00;289.71069518716575
2016-09-27 20:00:00;0.0
2016-09-28 04:20:00;0.03333333333333333
2016-09-28 12:40:00;0.45
2016-09-28 21:00:00;0.049999999999999996
2016-09-29 05:20:00;0.03333333333333333
2016-09-29 13:40:00;280.5176470588235
2016-09-29 22:00:00;215.33796791443868
2016-09-30 06:20:00;337.07614107883813
2016-09-30 14:40:00;320.064634146342
2016-09-30 23:00:00;327.48606557377053
2016-10-01 07:20:00;335.399585921325
2016-10-01 15:40:00;332.31478439425047
2016-10-02 00:00:00;328.86352459016393
2016-10-02 08:20:00;331.7041407867494
2016-10-02 16:40:00;326.70308641975294
2016-10-03 01:00:00;322.55266393442633
2016-10-03 09:20:00;319.1878600823047
2016-10-03 17:40:00;310.9692464358454
2016-10-04 02:00:00;321.6290721649485
2016-10-04 10:20:00;317.37160243407726
2016-10-04 18:40:00;319.17285714285697
2016-10-05 03:00:00;309.8969199178646
2016-10-05 11:20:00;308.68577235772364
2016-10-05 19:40:00;311.3444219066939
2016-10-06 04:00:00;309.6523326572007
2016-10-06 12:20:00;316.79999999999984
2016-10-06 20:40:00;327.8503144654087
2016-10-07 05:00:00;337.51835443038016
2016-10-07 13:20:00;329.35269709543564
2016-10-07 21:40:00;327.87929606625244
2016-10-08 06:00:00;341.0966244725739
2016-10-08 14:20:00;344.5952083333336
2016-10-08 22:40:00;336.5240663900417
2016-10-09 07:00:00;338.97832310838453
2016-10-09 15:20:00;337.95625000000007
2016-10-09 23:40:00;335.70521920668074
2016-10-10 08:00:00;337.67604166666683
2016-10-10 16:20:00;344.6844863731656
2016-10-11 00:40:00;343.20696202531616
2016-10-11 09:00:00;343.4668737060039
2016-10-11 17:20:00;336.0510460251046
2016-10-12 01:40:00;337.7568421052637
2016-10-12 10:00:00;341.6893081761005
2016-10-12 18:20:00;341.8798336798338
2016-10-13 02:40:00;345.36449579831935
2016-10-13 11:00:00;344.66108786610874
2016-10-13 19:20:00;337.97810526315806
2016-10-14 03:40:00;338.7801687763714
2016-10-14 12:00:00;341.27878151260484
2016-10-14 20:20:00;331.70502092050197
2016-10-15 04:40:00;334.56907216494864
2016-10-15 13:00:00;328.29749999999973
2016-10-15 21:20:00;329.23122362869174
2016-10-16 05:40:00;324.69329140461195
2016-10-16 14:00:00;317.2090909090909
2016-10-16 22:20:00;317.7688935281838
2016-10-17 06:40:00;322.7448347107439
2016-10-17 15:00:00;332.07817047817036
2016-10-17 23:20:00;326.4843298969074
2016-10-18 07:40:00;325.8804928131416
2016-10-18 16:00:00;322.1829918032783
2016-10-19 00:20:00;299.6125760649087
2016-10-19 08:40:00;295.82044989775045
2016-10-19 17:00:00;309.87925311203344
2016-10-20 01:20:00;306.1817248459961
2016-10-20 09:40:00;251.23097165991888
2016-10-20 18:00:00;240.44847870182585
2016-10-21 02:20:00;247.6991853360487
2016-10-21 10:40:00;249.54685598377307
2016-10-21 19:00:00;254.31014198782958
2016-10-22 03:20:00;249.76754563894525
2016-10-22 11:40:00;259.4308163265304
2016-10-22 20:00:00;260.58172690763064
2016-10-23 04:20:00;261.22028397565913
2016-10-23 12:40:00;263.9446028513239
2016-10-23 21:00:00;261.53083164300193
2016-10-24 05:20:00;256.1547474747476
2016-10-24 13:40:00;254.3752032520325
2016-10-24 22:00:00;247.27606490872222
2016-10-25 06:20:00;250.07525562372197
2016-10-25 14:40:00;259.85504032258063
2016-10-25 23:00:00;262.42822085889543
2016-10-26 07:20:00;279.3623217922608
2016-10-26 15:40:00;288.12428571428575
2016-10-27 00:00:00;286.7119918699187
2016-10-27 08:20:00;283.14392712550597
2016-10-27 16:40:00;281.755397148676
2016-10-28 01:00:00;241.8670731707318
2016-10-28 09:20:00;233.04112903225828
2016-10-28 17:40:00;230.04227642276436
2016-10-29 02:00:00;227.6765182186234
2016-10-29 10:20:00;292.0020161290321
2016-10-29 18:40:00;284.38788426763125
2016-10-30 03:00:00;258.41316872428
2016-10-30 11:20:00;242.49246435845248
2016-10-30 19:40:00;240.2959266802444
2016-10-31 04:00:00;249.0512096774194
2016-10-31 12:20:00;270.63995943204856
2016-10-31 20:40:00;274.77903225806466
2016-11-01 05:00:00;268.86191446028516
2016-11-01 13:20:00;275.15264227642285
2016-11-01 21:40:00;277.0861224489794
2016-11-02 06:00:00;277.56188524590186
2016-11-02 14:20:00;270.7832661290324
2016-11-02 22:40:00;266.4158436213991
2016-11-03 07:00:00;271.1012170385396
2016-11-03 15:20:00;277.36209677419356
2016-11-03 23:40:00;271.24056795131867
2016-11-04 08:00:00;280.43075356415443
2016-11-04 16:20:00;277.94776422764215
2016-11-05 00:40:00;276.06336032388685
2016-11-05 09:00:00;279.9215189873417
2016-11-05 17:20:00;267.1747454175152
2016-11-06 01:40:00;259.96932515337403
2016-11-06 10:00:00;257.50428571428586
2016-11-06 18:20:00;258.93783231083876
2016-11-07 02:40:00;256.32026578073095
2016-11-07 11:00:00;0.21250000000000002
2016-11-07 19:20:00;0.0
2016-11-08 03:40:00;0.0
2016-11-08 12:00:00;0.0
2016-11-08 20:20:00;0.0
2016-11-09 04:40:00;0.0
2016-11-09 13:00:00;0.0
2016-11-09 21:20:00;0.0
2016-11-10 05:40:00;0.0
2016-11-10 14:00:00;0.0
2016-11-10 22:20:00;0.0
2016-11-11 06:40:00;0.0
2016-11-11 15:00:00;0.0
2016-11-11 23:20:00;0.0
2016-11-12 07:40:00;0.0
2016-11-12 16:00:00;0.0
2016-11-13 00:20:00;0.0
2016-11-13 08:40:00;0.0
2016-11-13 17:00:00;0.0
2016-11-14 01:20:00;0.0
2016-11-14 09:40:00;0.0
2016-11-14 18:00:00;0.0
2016-11-15 02:20:00;0.0
2016-11-15 10:40:00;0.0
2016-11-15 19:00:00;0.0
2016-11-16 03:20:00;0.0
2016-11-16 11:40:00;0.0
2016-11-16 20:00:00;0.0
2016-11-17 04:20:00;0.0
2016-11-17 12:40:00;0.0
2016-11-17 21:00:00;0.24285714285714285
2016-11-18 05:20:00;0.0
2016-11-18 13:40:00;0.0
2016-11-18 22:00:00;0.0
2016-11-19 06:20:00;0.0
2016-11-19 14:40:00;0.0
2016-11-19 23:00:00;0.0
2016-11-20 07:20:00;0.0
2016-11-20 15:40:00;0.0
2016-11-21 00:00:00;0.0
2016-11-21 08:20:00;0.0075
2016-11-21 16:40:00;0.0
2016-11-22 01:00:00;0.0
2016-11-22 09:20:00;0.0
2016-11-22 17:40:00;0.0
2016-11-23 02:00:00;0.037500000000000006
2016-11-23 10:20:00;0.1111111111111111
2016-11-23 18:40:00;0.0
2016-11-24 03:00:00;0.0
2016-11-24 11:20:00;0.0
2016-11-24 19:40:00;0.0
2016-11-25 04:00:00;0.0
2016-11-25 12:20:00;0.0
2016-11-25 20:40:00;0.0
2016-11-26 05:00:00;0.0
2016-11-26 13:20:00;0.0
2016-11-26 21:40:00;0.0
2016-11-27 06:00:00;0.0
2016-11-27 14:20:00;0.0
2016-11-27 22:40:00;0.0
2016-11-28 07:00:00;0.0
2016-11-28 15:20:00;0.0
2016-11-28 23:40:00;0.0
2016-11-29 08:00:00;0.0
2016-11-29 16:20:00;0.0
2016-11-30 00:40:00;0.0
2016-11-30 09:00:00;0.0
2016-11-30 17:20:00;0.0
2016-12-01 01:40:00;0.0
2016-12-01 10:00:00;0.0
2016-12-01 18:20:00;0.0
2016-12-02 02:40:00;0.0
2016-12-02 11:00:00;0.0
2016-12-02 19:20:00;0.0
2016-12-03 03:40:00;0.0
2016-12-03 12:00:00;0.0
2016-12-03 20:20:00;0.0
2016-12-04 04:40:00;0.0
2016-12-04 13:00:00;0.0
2016-12-04 21:20:00;0.0
2016-12-05 05:40:00;0.0
2016-12-05 14:00:00;0.0
2016-12-05 22:20:00;0.0
2016-12-06 06:40:00;0.0
2016-12-06 15:00:00;0.0
2016-12-06 23:20:00;0.0
2016-12-07 07:40:00;0.0
2016-12-07 16:00:00;0.0
2016-12-08 00:20:00;0.0
2016-12-08 08:40:00;0.0
2016-12-08 17:00:00;0.0
2016-12-09 01:20:00;0.0
2016-12-09 09:40:00;0.0
2016-12-09 18:00:00;0.0
2016-12-10 02:20:00;0.0
2016-12-10 10:40:00;0.0
2016-12-10 19:00:00;0.0
2016-12-11 03:20:00;0.0
2016-12-11 11:40:00;0.0
2016-12-11 20:00:00;0.0
2016-12-12 04:20:00;0.0
2016-12-12 12:40:00;223.24347826086947
2016-12-12 21:00:00;247.17962962962957
2016-12-13 05:20:00;241.47659137576994
2016-12-13 13:40:00;260.2626530612246
2016-12-13 22:00:00;249.859336099585
2016-12-14 06:20:00;247.37546012269928
2016-12-14 14:40:00;242.48336755646827
2016-12-14 23:00:00;241.50853658536596
2016-12-15 07:20:00;233.0587398373983
2016-12-15 15:40:00;212.93987730061383
2016-12-16 00:00:00;115.74608695652176
2016-12-16 08:20:00;0.0
2016-12-16 16:40:00;0.0
2016-12-17 01:00:00;0.0
2016-12-17 09:20:00;0.0
2016-12-17 17:40:00;0.0
2016-12-18 02:00:00;0.0
2016-12-18 10:20:00;0.013793103448275867
2016-12-18 18:40:00;73.55555555555556
2016-12-19 03:00:00;97.03600000000002
2016-12-19 11:20:00;0.0
2016-12-19 19:40:00;0.0
2016-12-20 04:00:00;0.0
2016-12-20 12:20:00;3.4000000000000004
2016-12-20 20:40:00;110.98000000000002
2016-12-21 05:00:00;0.0
2016-12-21 13:20:00;0.0
2016-12-21 21:40:00;115.11538461538461
2016-12-22 06:00:00;77.76875000000001
2016-12-22 14:20:00;0.0
2016-12-22 22:40:00;0.0
2016-12-23 07:00:00;0.0
2016-12-23 15:20:00;0.0
2016-12-23 23:40:00;0.0
2016-12-24 08:00:00;0.0
2016-12-24 16:20:00;0.0
2016-12-25 00:40:00;0.0
2016-12-25 09:00:00;0.0
2016-12-25 17:20:00;0.0
2016-12-26 01:40:00;0.0
2016-12-26 10:00:00;0.0
2016-12-26 18:20:00;0.0
2016-12-27 02:40:00;0.0
2016-12-27 11:00:00;0.0
2016-12-27 19:20:00;0.0
2016-12-28 03:40:00;0.0
2016-12-28 12:00:00;0.0
2016-12-28 20:20:00;0.0
2016-12-29 04:40:00;0.0
2016-12-29 13:00:00;0.0
2016-12-29 21:20:00;0.0
2016-12-30 05:40:00;0.0
2016-12-30 14:00:00;0.0
2016-12-30 22:20:00;0.0
2016-12-31 06:40:00;0.0
2016-12-31 15:00:00;0.0
2016-12-31 23:20:00;0.0
2017-01-01 07:40:00;0.0
2017-01-01 16:00:00;0.0
2017-01-02 00:20:00;0.0
2017-01-02 08:40:00;119.42692307692306
2017-01-02 17:00:00;0.0
2017-01-03 01:20:00;0.0
2017-01-03 09:40:00;31.784210526315782
2017-01-03 18:00:00;0.0
2017-01-04 02:20:00;0.0
2017-01-04 10:40:00;0.0
2017-01-04 19:00:00;0.0
2017-01-05 03:20:00;0.0
2017-01-05 11:40:00;0.0
2017-01-05 20:00:00;0.0
2017-01-06 04:20:00;0.0
2017-01-06 12:40:00;0.0
2017-01-06 21:00:00;0.0
2017-01-07 05:20:00;0.0
2017-01-07 13:40:00;0.0
2017-01-07 22:00:00;0.0
2017-01-08 06:20:00;0.0
2017-01-08 14:40:00;0.0
2017-01-08 23:00:00;0.0
2017-01-09 07:20:00;0.0
2017-01-09 15:40:00;0.0
2017-01-10 00:00:00;0.0
2017-01-10 08:20:00;0.0
2017-01-10 16:40:00;0.0
2017-01-11 01:00:00;0.0
2017-01-11 09:20:00;0.00975609756097561
2017-01-11 17:40:00;0.0
2017-01-12 02:00:00;0.0
2017-01-12 10:20:00;0.024999999999999998
2017-01-12 18:40:00;0.047826086956521734
2017-01-13 03:00:00;0.029166666666666674
2017-01-13 11:20:00;8.789473684210526
2017-01-13 19:40:00;0.0
2017-01-14 04:00:00;0.0
2017-01-14 12:20:00;0.0
2017-01-14 20:40:00;0.0
2017-01-15 05:00:00;0.0
2017-01-15 13:20:00;0.0
2017-01-15 21:40:00;0.0
2017-01-16 06:00:00;4.914285714285714
2017-01-16 14:20:00;0.0
2017-01-16 22:40:00;0.0
2017-01-17 07:00:00;0.0
2017-01-17 15:20:00;0.0
2017-01-17 23:40:00;0.0
2017-01-18 08:00:00;0.0
2017-01-18 16:20:00;0.0
2017-01-19 00:40:00;0.0
2017-01-19 09:00:00;0.0
2017-01-19 17:20:00;0.019565217391304346
2017-01-20 01:40:00;0.04242424242424242
2017-01-20 10:00:00;0.45
2017-01-20 18:20:00;0.45
2017-01-21 02:40:00;0.20000000000000004
2017-01-21 11:00:00;0.16
2017-01-21 19:20:00;0.5999999999999999
2017-01-22 03:40:00;0.4
2017-01-22 12:00:00;0.625
2017-01-22 20:20:00;0.35000000000000003
2017-01-23 04:40:00;0.1
2017-01-23 13:00:00;0.4
2017-01-23 21:20:00;0.0
2017-01-24 05:40:00;0.06666666666666667
2017-01-24 14:00:00;0.1
2017-01-24 22:20:00;0.0
2017-01-25 06:40:00;0.06
2017-01-25 15:00:00;0.05454545454545454
2017-01-25 23:20:00;0.0
2017-01-26 07:40:00;0.07272727272727274
2017-01-26 16:00:00;0.04615384615384616
2017-01-27 00:20:00;0.42000000000000004
2017-01-27 08:40:00;0.575
2017-01-27 17:00:00;0.25
2017-01-28 01:20:00;0.049999999999999996
2017-01-28 09:40:00;0.6
2017-01-28 18:00:00;0.005263157894736842
2017-01-29 02:20:00;0.010112359550561797
2017-01-29 10:40:00;0.375
2017-01-29 19:00:00;0.044444444444444446
2017-01-30 03:20:00;0.0
2017-01-30 11:40:00;0.1076923076923077
2017-01-30 20:00:00;0.0
2017-01-31 04:20:00;0.021052631578947368
2017-01-31 12:40:00;0.10909090909090911
2017-01-31 21:00:00;0.0
2017-02-01 05:20:00;0.05
2017-02-01 13:40:00;0.10555555555555557
2017-02-01 22:00:00;0.0
2017-02-02 06:20:00;0.05714285714285715
2017-02-02 14:40:00;0.09523809523809523
2017-02-02 23:00:00;0.0
2017-02-03 07:20:00;0.13333333333333333
2017-02-03 15:40:00;0.5
2017-02-04 00:00:00;0.325
2017-02-04 08:20:00;0.625
2017-02-04 16:40:00;0.42500000000000004
2017-02-05 01:00:00;0.5
2017-02-05 09:20:00;0.3833333333333333
2017-02-05 17:40:00;0.0
2017-02-06 02:00:00;0.0
2017-02-06 10:20:00;0.027777777777777776
2017-02-06 18:40:00;0.1
2017-02-07 03:00:00;0.04054054054054054
2017-02-07 11:20:00;0.65
2017-02-07 19:40:00;0.02916666666666667
2017-02-08 04:00:00;0.061538461538461535
2017-02-08 12:20:00;0.15714285714285717
2017-02-08 20:40:00;0.0
2017-02-09 05:00:00;0.0
2017-02-09 13:20:00;0.03571428571428571
2017-02-09 21:40:00;0.013114754098360654
2017-02-10 06:00:00;0.09285714285714286
2017-02-10 14:20:00;0.13888888888888892
2017-02-10 22:40:00;0.03333333333333333
2017-02-11 07:00:00;0.5
2017-02-11 15:20:00;0.525
2017-02-11 23:40:00;0.55
2017-02-12 08:00:00;0.7249999999999999
2017-02-12 16:20:00;0.7
2017-02-13 00:40:00;0.675
2017-02-13 09:00:00;0.7250000000000001
2017-02-13 17:20:00;0.7
2017-02-14 01:40:00;0.7
2017-02-14 10:00:00;0.72
2017-02-14 18:20:00;0.6
2017-02-15 02:40:00;0.525
2017-02-15 11:00:00;0.7
2017-02-15 19:20:00;0.09999999999999999
2017-02-16 03:40:00;0.0
2017-02-16 12:00:00;0.16666666666666666
2017-02-16 20:20:00;0.0
2017-02-17 04:40:00;0.049999999999999996
2017-02-17 13:00:00;0.15555555555555556
2017-02-17 21:20:00;0.0
2017-02-18 05:40:00;0.15
2017-02-18 14:00:00;0.35000000000000003
2017-02-18 22:20:00;0.0
2017-02-19 06:40:00;0.15714285714285717
2017-02-19 15:00:00;0.16250000000000003
2017-02-19 23:20:00;0.0
2017-02-20 07:40:00;0.22000000000000003
2017-02-20 16:00:00;0.04545454545454545
2017-02-21 00:20:00;0.0
2017-02-21 08:40:00;0.2333333333333333
2017-02-21 17:00:00;0.05
2017-02-22 01:20:00;0.0
2017-02-22 09:40:00;0.32222222222222224
2017-02-22 18:00:00;0.08
2017-02-23 02:20:00;0.016666666666666666
2017-02-23 10:40:00;0.55
2017-02-23 19:00:00;0.275
2017-02-24 03:20:00;0.36
2017-02-24 11:40:00;0.8999999999999999
2017-02-24 20:00:00;0.1
2017-02-25 04:20:00;0.03125
2017-02-25 12:40:00;0.2
2017-02-25 21:00:00;0.0
2017-02-26 05:20:00;0.06585365853658537
2017-02-26 13:40:00;0.6
2017-02-26 22:00:00;0.045454545454545456
2017-02-27 06:20:00;0.25999999999999995
2017-02-27 14:40:00;0.11739130434782608
2017-02-27 23:00:00;0.0
2017-02-28 07:20:00;136.26451612903224
2017-02-28 15:40:00;161.2796218487395
2017-03-01 00:00:00;171.78463114754095
2017-03-01 08:20:00;192.714430894309
2017-03-01 16:40:00;173.2659229208925
2017-03-02 01:00:00;170.9270875763748
2017-03-02 09:20:00;175.72860082304518
2017-03-02 17:40:00;184.42535496957404
2017-03-03 02:00:00;219.27087794432558
2017-03-03 10:20:00;217.78351409978336
2017-03-03 18:40:00;215.05848670756643
2017-03-04 03:00:00;212.31560574948654
2017-03-04 11:20:00;201.19288617886153
2017-03-04 19:40:00;196.12979591836756
2017-03-05 04:00:00;190.31440329218097
2017-03-05 12:20:00;185.52271805273836
2017-03-05 20:40:00;184.41595092024556
2017-03-06 05:00:00;185.12520325203272
2017-03-06 13:20:00;202.6727642276424
2017-03-06 21:40:00;195.04939516129045
2017-03-07 06:00:00;220.56306122448967
2017-03-07 14:20:00;222.34506172839494
2017-03-07 22:40:00;250.12954545454534
2017-03-08 07:00:00;248.4086597938146
2017-03-08 15:20:00;247.60325203252023
2017-03-08 23:40:00;253.92402464065697
2017-03-09 08:00:00;282.3509090909091
2017-03-09 16:20:00;0.58
2017-03-10 00:40:00;0.038461538461538464
2017-03-10 09:00:00;0.95
2017-03-10 17:20:00;0.5
2017-03-11 01:40:00;0.01935483870967742
2017-03-11 10:00:00;0.95
2017-03-11 18:20:00;0.13333333333333333
2017-03-12 02:40:00;0.08333333333333333
2017-03-12 11:00:00;0.8500000000000001
2017-03-12 19:20:00;0.09166666666666667
2017-03-13 03:40:00;0.35
2017-03-13 12:00:00;0.8
2017-03-13 20:20:00;0.10000000000000002
2017-03-14 04:40:00;0.18333333333333335
2017-03-14 13:00:00;0.65
2017-03-14 21:20:00;0.02
2017-03-15 05:40:00;0.21666666666666665
2017-03-15 14:00:00;0.15714285714285717
2017-03-15 22:20:00;0.11666666666666665
2017-03-16 06:40:00;0.25
2017-03-16 15:00:00;0.08461538461538463
2017-03-16 23:20:00;0.0
2017-03-17 07:40:00;0.27
2017-03-17 16:00:00;0.2888888888888889
2017-03-18 00:20:00;0.011111111111111112
2017-03-18 08:40:00;1.0
2017-03-18 17:00:00;0.13333333333333336
2017-03-19 01:20:00;0.021666666666666664
2017-03-19 09:40:00;1.25
2017-03-19 18:00:00;0.45
2017-03-20 02:20:00;0.035
2017-03-20 10:40:00;147.76258503401357
2017-03-20 19:00:00;207.40905172413792
2017-03-21 03:20:00;230.87039337474127
2017-03-21 11:40:00;229.99446721311483
2017-03-21 20:00:00;255.82442588726497
2017-03-22 04:20:00;274.7872384937239
2017-03-22 12:40:00;266.23036093418267
2017-03-22 21:00:00;255.58556485355638
2017-03-23 05:20:00;261.74512711864406
2017-03-23 13:40:00;262.18794926004233
2017-03-23 22:00:00;260.5727650727652
2017-03-24 06:20:00;193.37130434782603
2017-03-24 14:40:00;74.16956521739131
2017-03-24 23:00:00;0.7
2017-03-25 07:20:00;0.525
2017-03-25 15:40:00;174.53219178082188
2017-03-26 00:00:00;187.17026378896892
2017-03-26 08:20:00;180.0256842105264
2017-03-26 16:40:00;170.6292016806722
2017-03-27 01:00:00;158.23690721649464
2017-03-27 09:20:00;169.27603092783502
2017-03-27 17:40:00;0.5
2017-03-28 02:00:00;0.020689655172413793
2017-03-28 10:20:00;161.1400862068965
2017-03-28 18:40:00;164.12100656455135
2017-03-29 03:00:00;206.56071428571437
2017-03-29 11:20:00;222.62500000000026
2017-03-29 19:40:00;246.4329113924049
2017-03-30 04:00:00;258.50922431865826
2017-03-30 12:20:00;255.1579166666665
2017-03-30 20:40:00;233.58872950819665
2017-03-31 05:00:00;230.75031185031193
2017-03-31 13:20:00;231.07058823529403
2017-03-31 21:40:00;238.24356846473046
2017-04-01 06:00:00;240.01995884773666
2017-04-01 14:20:00;240.7505175983439
2017-04-01 22:40:00;245.527868852459
2017-04-02 07:00:00;242.61618257261406
2017-04-02 15:20:00;239.0097308488613
2017-04-02 23:40:00;239.29378881987572
2017-04-03 08:00:00;243.12639175257704
2017-04-03 16:20:00;231.68364779874196
2017-04-04 00:40:00;216.32700421940922
2017-04-04 09:00:00;214.83828451882854
2017-04-04 17:20:00;228.17238493723832
2017-04-05 01:40:00;223.64486373165607
2017-04-05 10:00:00;237.64613778705623
2017-04-05 18:20:00;229.67278481012687
2017-04-06 02:40:00;229.52268907563024
2017-04-06 11:00:00;227.7096234309623
2017-04-06 19:20:00;213.06292372881336
2017-04-07 03:40:00;219.91991614255767
2017-04-07 12:00:00;220.20041841004206
2017-04-07 20:20:00;223.93264033264046
2017-04-08 04:40:00;227.61941544885198
2017-04-08 13:00:00;225.89792099792092
2017-04-08 21:20:00;219.19853862212963
2017-04-09 05:40:00;236.56276150627622
2017-04-09 14:00:00;242.5882845188283
2017-04-09 22:20:00;225.73012552301265
2017-04-10 06:40:00;246.1243749999999
2017-04-10 15:00:00;251.45608247422672
2017-04-10 23:20:00;243.1851239669418
2017-04-11 07:40:00;246.81607515657626
2017-04-11 16:00:00;251.5002109704642
2017-04-12 00:20:00;242.86804979253088
2017-04-12 08:40:00;235.6050000000002
2017-04-12 17:00:00;225.08786008230453
2017-04-13 01:20:00;224.0860655737707
2017-04-13 09:40:00;235.47469135802473
2017-04-13 18:00:00;234.9979423868312
2017-04-14 02:20:00;232.69668049792534
2017-04-14 10:40:00;230.9633123689725
2017-04-14 19:00:00;241.05363825363827
2017-04-15 03:20:00;240.98682008368198
2017-04-15 11:40:00;250.96659751037342
2017-04-15 20:00:00;241.68464730290452
2017-04-16 04:20:00;239.77937500000013
2017-04-16 12:40:00;234.35231092436987
2017-04-16 21:00:00;232.6810020876826
2017-04-17 05:20:00;230.6553014553013
2017-04-17 13:40:00;223.37484536082516
2017-04-17 22:00:00;204.75623678646915
2017-04-18 06:20:00;227.87721518987357
2017-04-18 14:40:00;247.50948453608254
2017-04-18 23:00:00;235.17169421487606
2017-04-19 07:20:00;232.01513292433535
2017-04-19 15:40:00;230.89522821576784
2017-04-20 00:00:00;232.92653927813143
2017-04-20 08:20:00;238.85218295218286
2017-04-20 16:40:00;235.43049040511715
2017-04-21 01:00:00;229.88729508196738
2017-04-21 09:20:00;241.68633540372662
2017-04-21 17:40:00;236.4417355371902
2017-04-22 02:00:00;239.08989690721643
2017-04-22 10:20:00;236.93916666666692
2017-04-22 18:40:00;238.8167014613779
2017-04-23 03:00:00;242.5180327868853
2017-04-23 11:20:00;245.47637474541736
2017-04-23 19:40:00;243.44979338842973
2017-04-24 04:00:00;237.89646569646553
2017-04-24 12:20:00;238.39833333333345
2017-04-24 20:40:00;239.7148760330579
2017-04-25 05:00:00;243.61493775933604
2017-04-25 13:20:00;249.64467213114776
2017-04-25 21:40:00;247.48991769547308
2017-04-26 06:00:00;252.26257668711673
2017-04-26 14:20:00;253.09349593495952
2017-04-26 22:40:00;241.13522012578605
2017-04-27 07:00:00;247.23478260869567
2017-04-27 15:20:00;247.0745798319327
2017-04-27 23:40:00;234.39052631578969
2017-04-28 08:00:00;239.0960580912864
2017-04-28 16:20:00;236.87901234567912
2017-04-29 00:40:00;250.94004149377582
2017-04-29 09:00:00;252.85615866388326
2017-04-29 17:20:00;246.4529045643154
2017-04-30 01:40:00;233.36756756756745
2017-04-30 10:00:00;238.05061983471063
2017-04-30 18:20:00;230.918556701031
2017-05-01 02:40:00;233.079331941545
2017-05-01 11:00:00;241.12301255230122
2017-05-01 19:20:00;235.68607068607082
2017-05-02 03:40:00;239.4688016528924
2017-05-02 12:00:00;240.92913223140505
2017-05-02 20:20:00;237.51037344398318
2017-05-03 04:40:00;241.9516597510375
2017-05-03 13:00:00;244.15525773195867
2017-05-03 21:20:00;240.30062240663923
2017-05-04 05:40:00;244.75020746887964
2017-05-04 14:00:00;246.9778705636745
2017-05-04 22:20:00;244.9157024793387
2017-05-05 06:40:00;248.83929313929323
2017-05-05 15:00:00;248.3100616016426
2017-05-05 23:20:00;244.85663900414963
2017-05-06 07:40:00;248.19832985386216
2017-05-06 16:00:00;241.35290456431554
2017-05-07 00:20:00;236.86226804123706
2017-05-07 08:40:00;241.86147540983595
2017-05-07 17:00:00;234.65776397515518
2017-05-08 01:20:00;249.5795131845843
2017-05-08 09:40:00;254.2006185567011
2017-05-08 18:00:00;245.9141372141374
2017-05-09 02:20:00;235.49173913043472
2017-05-09 10:40:00;0.42666666666666664
2017-05-09 19:00:00;1.2
2017-05-10 03:20:00;193.8064102564103
2017-05-10 11:40:00;173.10823529411763
2017-05-10 20:00:00;1.15
2017-05-11 04:20:00;220.45625
2017-05-11 12:40:00;218.04190064794815
2017-05-11 21:00:00;233.72172043010755
2017-05-12 05:20:00;246.1299363057325
2017-05-12 13:40:00;247.65397849462357
2017-05-12 22:00:00;219.75279503105597
2017-05-13 06:20:00;218.23747412008262
2017-05-13 14:40:00;224.21946169772255
2017-05-13 23:00:00;213.82459016393423
2017-05-14 07:20:00;219.98847736625524
2017-05-14 15:40:00;221.10288065843613
2017-05-15 00:00:00;214.9747950819672
2017-05-15 08:20:00;219.08489795918365
2017-05-15 16:40:00;211.59877800407338
2017-05-16 01:00:00;205.16983805668022
2017-05-16 09:20:00;207.78089430894312
2017-05-16 17:40:00;201.9452282157675
2017-05-17 02:00:00;190.53737166324433
2017-05-17 10:20:00;189.39392712550602
2017-05-17 18:40:00;190.49216494845356
2017-05-18 03:00:00;187.8221311475411
2017-05-18 11:20:00;182.6846625766873
2017-05-18 19:40:00;189.2507157464214
2017-05-19 04:00:00;192.02315573770494
2017-05-19 12:20:00;169.69342915811094
2017-05-19 20:40:00;164.47342047930277
2017-05-20 05:00:00;173.8823027718551
2017-05-20 13:20:00;174.4051948051949
2017-05-20 21:40:00;172.39042553191499
2017-05-21 06:00:00;180.65815450643777
2017-05-21 14:20:00;185.3006578947368
2017-05-21 22:40:00;175.6321888412019
2017-05-22 07:00:00;181.42903225806458
2017-05-22 15:20:00;179.5513333333333
2017-05-22 23:40:00;182.90298507462686
2017-05-23 08:00:00;202.24432314410473
2017-05-23 16:20:00;222.2476293103446
2017-05-24 00:40:00;211.69198312236296
2017-05-24 09:00:00;206.01145833333325
2017-05-24 17:20:00;201.32564655172405
2017-05-25 01:40:00;194.69619450317103
2017-05-25 10:00:00;190.14566115702482
2017-05-25 18:20:00;180.95259875259893
2017-05-26 02:40:00;182.1696280991735
2017-05-26 11:00:00;192.51979591836727
2017-05-26 19:20:00;187.12663934426243
2017-05-27 03:40:00;187.62991803278666
2017-05-27 12:00:00;194.0944329896907
2017-05-27 20:20:00;188.31260330578496
2017-05-28 04:40:00;185.43100616016417
2017-05-28 13:00:00;187.00245901639343
2017-05-28 21:20:00;183.86576763485485
2017-05-29 05:40:00;190.64783505154648
2017-05-29 14:00:00;187.54804123711318
2017-05-29 22:20:00;187.07494824016555
2017-05-30 06:40:00;194.42520661157027
2017-05-30 15:00:00;183.8184804928133
2017-05-30 23:20:00;191.66012526096026
2017-05-31 07:40:00;193.38651452282156
2017-05-31 16:00:00;192.3358024691358
2017-06-01 00:20:00;189.8372141372141
2017-06-01 08:40:00;191.03627049180312
2017-06-01 17:00:00;183.99440993788824
2017-06-02 01:20:00;180.2276985743383
2017-06-02 09:40:00;191.22309278350497
2017-06-02 18:00:00;183.56198347107448
2017-06-03 02:20:00;187.7600831600833
2017-06-03 10:40:00;207.68291139240515
2017-06-03 19:00:00;199.12088607594941
2017-06-04 03:20:00;203.53284823284815
2017-06-04 11:40:00;206.91330561330557
2017-06-04 20:00:00;212.46427104722812
2017-06-05 04:20:00;215.08217213114744
2017-06-05 12:40:00;212.5118257261409
2017-06-05 21:00:00;211.96000000000004
2017-06-06 05:20:00;216.10268595041344
2017-06-06 13:40:00;213.3745379876799
2017-06-06 22:00:00;213.9424430641819
2017-06-07 06:20:00;226.66397515527962
2017-06-07 14:40:00;223.63734439834042
2017-06-07 23:00:00;214.76444906444925
2017-06-08 07:20:00;220.7410788381742
2017-06-08 15:40:00;217.71249999999966
2017-06-09 00:00:00;216.9809917355373
2017-06-09 08:20:00;219.6995807127883
2017-06-09 16:40:00;223.2210084033615
2017-06-10 01:00:00;222.68436213991768
2017-06-10 09:20:00;229.28565488565485
2017-06-10 17:40:00;224.49896907216495
2017-06-11 02:00:00;223.09725158562364
2017-06-11 10:20:00;227.74616977225682
2017-06-11 18:40:00;222.22757201646098
2017-06-12 03:00:00;234.29650924024637
2017-06-12 11:20:00;233.21180124223608
2017-06-12 19:40:00;234.7838509316771
2017-06-13 04:00:00;238.4243801652893
2017-06-13 12:20:00;241.88778467908892
2017-06-13 20:40:00;231.49896265560162
2017-06-14 05:00:00;235.2322981366459
2017-06-14 13:20:00;238.4513457556934
2017-06-14 21:40:00;215.2646938775509
2017-06-15 06:00:00;212.23549060542774
2017-06-15 14:20:00;206.05789473684234
2017-06-15 22:40:00;206.55502092050207
2017-06-16 07:00:00;216.74844720496876
2017-06-16 15:20:00;215.40702479338847
2017-06-16 23:40:00;230.58161157024824
2017-06-17 08:00:00;234.90781893004126
2017-06-17 16:20:00;233.47080745341583
2017-06-18 00:40:00;226.000204918033
2017-06-18 09:00:00;230.59650924024626
2017-06-18 17:20:00;224.4379591836734
2017-06-19 01:40:00;225.76999999999995
2017-06-19 10:00:00;223.86163265306124
2017-06-19 18:20:00;222.00431211498963
2017-06-20 02:40:00;236.50948453608237
2017-06-20 11:00:00;245.06743215031287
2017-06-20 19:20:00;238.76437500000003
2017-06-21 03:40:00;237.93778234086247
2017-06-21 12:00:00;236.40698151950718
2017-06-21 20:20:00;231.0636363636361
2017-06-22 04:40:00;232.9706122448982
2017-06-22 13:00:00;233.91920668058452
2017-06-22 21:20:00;231.04897959183663
2017-06-23 05:40:00;234.26475409836058
2017-06-23 14:00:00;229.67148760330562
2017-06-23 22:20:00;221.57160751565772
2017-06-24 06:40:00;232.4035490605428
2017-06-24 15:00:00;222.66008230452675
2017-06-24 23:20:00;219.13526970954348
2017-06-25 07:40:00;221.84562500000007
2017-06-25 16:00:00;212.9687885010269
2017-06-26 00:20:00;222.61309771309763
2017-06-26 08:40:00;234.71104294478525
2017-06-26 17:00:00;234.4801670146139
2017-06-27 01:20:00;227.10840163934446
2017-06-27 09:40:00;200.71190965092407
2017-06-27 18:00:00;221.82628336755656
2017-06-28 02:20:00;235.65906183368895
2017-06-28 10:40:00;214.02271062271058
2017-06-28 19:00:00;203.48771186440692
2017-06-29 03:20:00;220.79897119341547
2017-06-29 11:40:00;223.6981595092024
2017-06-29 20:00:00;220.6175257731958
2017-06-30 04:20:00;233.74835390946515
2017-06-30 12:40:00;234.2852459016392
2017-06-30 21:00:00;226.85562632696394
2017-07-01 05:20:00;226.63773195876277
2017-07-01 13:40:00;227.15081967213138
2017-07-01 22:00:00;225.46172839506193
2017-07-02 06:20:00;231.98597938144317
2017-07-02 14:40:00;238.2720496894412
2017-07-02 23:00:00;231.687002096436
2017-07-03 07:20:00;238.798140495868
2017-07-03 15:40:00;240.27326530612237
2017-07-04 00:00:00;230.79416666666688
2017-07-04 08:20:00;238.36386554621836
2017-07-04 16:40:00;233.0026859504132
2017-07-05 01:00:00;225.76927835051558
2017-07-05 09:20:00;235.17204968944097
2017-07-05 17:40:00;232.69111570247932
2017-07-06 02:00:00;233.94194214876035
2017-07-06 10:20:00;243.37325102880658
2017-07-06 18:40:00;239.23491735537203
2017-07-07 03:00:00;236.5940329218108
2017-07-07 11:20:00;199.0320083682009
2017-07-07 19:40:00;189.6809623430962
2017-07-08 04:00:00;194.16792452830188
2017-07-08 12:20:00;205.5544491525423
2017-07-08 20:40:00;207.65374999999963
2017-07-09 05:00:00;209.3827515400408
2017-07-09 13:20:00;205.97306889352797
2017-07-09 21:40:00;200.3334710743801
2017-07-10 06:00:00;188.71495901639355
2017-07-10 14:20:00;170.59649484536084
2017-07-10 22:40:00;177.6848670756646
2017-07-11 07:00:00;185.46049382716052
2017-07-11 15:20:00;178.17587628865985
2017-07-11 23:40:00;183.5542443064182
2017-07-12 08:00:00;150.18020833333335
2017-07-12 16:20:00;155.38698412698415
2017-07-13 00:40:00;181.1517167381976
2017-07-13 09:00:00;190.87052631578945
2017-07-13 17:20:00;204.495643153527
2017-07-14 01:40:00;216.86263048016724
2017-07-14 10:00:00;224.4466666666667
2017-07-14 18:20:00;220.40662525879904
2017-07-15 02:40:00;232.20373443983402
2017-07-15 11:00:00;231.5683127572017
2017-07-15 19:20:00;217.59748427672966
2017-07-16 03:40:00;215.13031578947385
2017-07-16 12:00:00;219.05408805031465
2017-07-16 20:20:00;217.6304801670146
2017-07-17 04:40:00;229.8348360655735
2017-07-17 13:00:00;224.257142857143
2017-07-17 21:20:00;228.34823284823293
2017-07-18 05:40:00;213.16621923937336
2017-07-18 14:00:00;219.29299065420545
2017-07-18 22:20:00;213.12668112798275
2017-07-19 06:40:00;210.07896907216477
2017-07-19 15:00:00;214.86450939457197
2017-07-19 23:20:00;220.11028806584372
2017-07-20 07:40:00;213.1214285714285
2017-07-20 16:00:00;184.357468879668
2017-07-21 00:20:00;190.4851239669421
2017-07-21 08:40:00;194.1975560081464
2017-07-21 17:00:00;191.4849056603773
2017-07-22 01:20:00;175.76715481171559
2017-07-22 09:40:00;290.8032967032967
2017-07-22 18:00:00;6.844444444444445
2017-07-23 02:20:00;2.55
2017-07-23 10:40:00;13.886666666666663
2017-07-23 19:00:00;3.3285714285714287
2017-07-24 03:20:00;5.45
2017-07-24 11:40:00;172.2180873180873
2017-07-24 20:00:00;201.06260330578536
2017-07-25 04:20:00;196.79077868852463
2017-07-25 12:40:00;201.9156701030928
2017-07-25 21:00:00;203.70042016806738
2017-07-26 05:20:00;205.6202040816326
2017-07-26 13:40:00;209.93752577319574
2017-07-26 22:00:00;226.3389233954451
2017-07-27 06:20:00;232.24530612244902
2017-07-27 14:40:00;230.89351464435134
2017-07-27 23:00:00;225.56116910229665
2017-07-28 07:20:00;226.26673684210542
2017-07-28 15:40:00;207.41108786610866
2017-07-29 00:00:00;202.07614107883825
2017-07-29 08:20:00;210.0860082304527
2017-07-29 16:40:00;207.47830578512395
2017-07-30 01:00:00;205.50414937759345
2017-07-30 09:20:00;211.39278350515477
2017-07-30 17:40:00;205.2440329218107
2017-07-31 02:00:00;206.95676229508197
2017-07-31 10:20:00;208.4195071868583
2017-07-31 18:40:00;205.58118609406935
2017-08-01 03:00:00;211.4277777777779
2017-08-01 11:20:00;198.94814814814794
2017-08-01 19:40:00;194.99756097560962
2017-08-02 04:00:00;196.272131147541
2017-08-02 12:20:00;196.49000000000004
2017-08-02 20:40:00;205.40346938775514
2017-08-03 05:00:00;205.5462167689162
2017-08-03 13:20:00;179.7310416666666
2017-08-03 21:40:00;193.0309917355373
2017-08-04 06:00:00;205.4514403292182
2017-08-04 14:20:00;191.6638253638254
2017-08-04 22:40:00;195.3837113402063
2017-08-05 07:00:00;195.7554414784396
2017-08-05 15:20:00;190.29896480331277
2017-08-05 23:40:00;207.43876288659789
2017-08-06 08:00:00;190.13552361396304
2017-08-06 16:20:00;179.5948132780084
2017-08-07 00:40:00;206.06868475991632
2017-08-07 09:00:00;208.48415637860077
2017-08-07 17:20:00;205.87599164926922
2017-08-08 01:40:00;226.58809034907594
2017-08-08 10:00:00;213.8740663900415
2017-08-08 18:20:00;207.33803680981597
2017-08-09 02:40:00;221.26190476190484
2017-08-09 11:00:00;207.86275720164602
2017-08-09 19:20:00;203.18309278350506
2017-08-10 03:40:00;194.25125523012568
2017-08-10 12:00:00;209.84137214137203
2017-08-10 20:20:00;194.97367303609346
2017-08-11 04:40:00;205.6431250000001
2017-08-11 13:00:00;193.33410041841023
2017-08-11 21:20:00;206.8981366459626
2017-08-12 05:40:00;204.4059113300492
2017-08-12 14:00:00;70.51200000000003
2017-08-12 22:20:00;0.47500000000000003
2017-08-13 06:40:00;0.95
2017-08-13 15:00:00;1.3599999999999999
2017-08-13 23:20:00;0.5249999999999999
2017-08-14 07:40:00;1.35
2017-08-14 16:00:00;1.35
2017-08-15 00:20:00;0.8999999999999999
2017-08-15 08:40:00;1.46
2017-08-15 17:00:00;1.2
2017-08-16 01:20:00;0.675
2017-08-16 09:40:00;4.514285714285714
2017-08-16 18:00:00;227.04951456310664
2017-08-17 02:20:00;239.5530398322852
2017-08-17 10:40:00;242.25497925311203
2017-08-17 19:00:00;246.76079664570227
2017-08-18 03:20:00;261.31917525773207
2017-08-18 11:40:00;267.6195071868582
2017-08-18 20:00:00;266.588477366255
2017-08-19 04:20:00;263.79079497907964
2017-08-19 12:40:00;258.7318840579712
2017-08-19 21:00:00;257.1590062111803
2017-08-20 05:20:00;255.43569937369514
2017-08-20 13:40:00;263.7421161825728
2017-08-20 22:00:00;264.5713097713097
2017-08-21 06:20:00;265.839501039501
2017-08-21 14:40:00;252.2882352941176
